id,geometry
,POINT (8280618.645894694 3673933.203484871)
,POINT (8265546.045894693 3712299.9784848713)
,POINT (8275136.970894692 3696925.1284848712)
,POINT (8276527.620894692 3697100.478484872)
,POINT (8274569.670894692 3698166.2284848727)
,POINT (8286147.345894691 3692979.9034848725)
,POINT (8270928.045894693 3709475.5534848715)
,POINT (8272971.120894694 3694784.703484872)
,POINT (8277779.445894692 3709808.703484871)
,POINT (8270612.2208946925 3706264.878484872)
,POINT (8274780.495894693 3698444.553484871)
,POINT (8284378.245894692 3709971.8284848714)
,POINT (8265529.170894694 3712219.6534848716)
,POINT (8265768.045894692 3713233.353484872)
,POINT (8282702.745894692 3709265.028484872)
,POINT (8270036.445894692 3706503.0034848717)
,POINT (8274327.195894692 3698274.003484872)
,POINT (8275133.445894692 3696893.7784848725)
,POINT (8278706.070894694 3708903.0034848717)
,POINT (8270335.245894692 3706878.8284848705)
,POINT (8267052.345894692 3697496.8534848713)
,POINT (8282741.145894692 3709267.128484872)
,POINT (8275590.570894692 3695641.803484872)
,POINT (8277759.195894693 3709758.0034848703)
,POINT (8275406.895894692 3696152.928484871)
,POINT (8274268.695894692 3695358.7534848717)
,POINT (8266627.695894692 3712922.103484871)
,POINT (8274036.120894693 3696339.528484872)
,POINT (8270666.370894692 3706409.853484872)
,POINT (8278591.245894694 3704503.9534848714)
,POINT (8282611.4708946925 3706898.853484871)
,POINT (8266009.095894691 3695101.5784848714)
,POINT (8275810.845894691 3694701.8284848724)
,POINT (8278336.995894693 3706681.9534848714)
,POINT (8269209.270894692 3706929.003484872)
,POINT (8266353.120894692 3696027.153484872)
,POINT (8276612.895894692 3692748.153484871)
,POINT (8283385.320894693 3706871.5534848715)
,POINT (8269193.445894692 3706883.028484872)
,POINT (8274039.495894694 3696424.2034848714)
,POINT (8282574.420894692 3706665.078484872)
,POINT (8276634.795894692 3693204.453484872)
,POINT (8277119.970894691 3707859.0784848714)
,POINT (8266296.870894692 3698099.0284848716)
,POINT (8270377.170894692 3706916.7784848707)
,POINT (8275408.245894693 3696172.6534848725)
,POINT (8282597.370894692 3704248.953484871)
,POINT (8265419.145894692 3694687.0534848715)
,POINT (8270470.170894692 3707693.1784848724)
,POINT (8274102.045894694 3696386.328484873)
,POINT (8283724.245894692 3707463.528484872)
,POINT (8277928.695894693 3704618.628484872)
,POINT (8278446.720894691 3704532.0034848712)
,POINT (8273975.595894692 3696398.478484872)
,POINT (8284097.745894692 3707918.4784848704)
,POINT (8269580.745894692 3707920.8784848703)
,POINT (8269252.095894692 3707028.6784848715)
,POINT (8276722.920894693 3693951.153484872)
,POINT (8278403.220894691 3704541.1534848725)
,POINT (8276828.895894693 3705520.2784848716)
,POINT (8273894.820894692 3696433.5034848717)
,POINT (8276357.445894693 3693217.578484871)
,POINT (8266599.420894692 3693563.178484872)
,POINT (8284414.170894692 3703671.453484871)
,POINT (8269220.295894693 3704419.3534848727)
,POINT (8266531.245894692 3693535.803484872)
,POINT (8273829.795894693 3696426.0034848717)
,POINT (8284384.170894693 3704403.303484872)
,POINT (8278647.195894693 3702352.203484871)
,POINT (8276319.120894692 3693311.4784848723)
,POINT (8276565.120894693 3691286.103484872)
,POINT (8269275.3458946925 3704419.8034848715)
,POINT (8267181.045894692 3691561.5034848717)
,POINT (8273883.870894692 3696432.5284848707)
,POINT (8273177.445894692 3693051.0784848714)
,POINT (8277252.270894693 3704716.2784848725)
,POINT (8284066.620894693 3703334.328484871)
,POINT (8269211.595894692 3704366.178484872)
,POINT (8275973.295894693 3691400.403484871)
,POINT (8276472.645894694 3691533.0784848714)
,POINT (8276989.470894691 3705371.2534848717)
,POINT (8284071.120894693 3703822.5034848717)
,POINT (8267107.170894692 3693631.3534848713)
,POINT (8284200.120894694 3703824.9034848716)
,POINT (8276721.045894692 3694150.5784848705)
,POINT (8270625.795894693 3705919.278484872)
,POINT (8266889.595894691 3693649.803484872)
,POINT (8277542.295894692 3702656.5534848715)
,POINT (8266638.720894691 3685915.053484873)
,POINT (8274018.345894691 3696441.6034848713)
,POINT (8284235.970894692 3703808.478484871)
,POINT (8274139.845894692 3696449.9284848724)
,POINT (8273327.445894692 3691066.203484872)
,POINT (8270985.570894692 3705348.9034848725)
,POINT (8277650.520894693 3702558.978484872)
,POINT (8276715.420894692 3692468.253484872)
,POINT (8266699.695894693 3686958.7534848717)
,POINT (8276637.195894693 3692401.5034848712)
,POINT (8276868.495894693 3703363.953484873)
,POINT (8282780.970894692 3704182.8784848726)
,POINT (8266593.195894693 3685859.6284848726)
,POINT (8272977.195894694 3693721.878484872)
,POINT (8283151.245894692 3704174.1034848723)
,POINT (8276758.695894693 3692336.928484872)
,POINT (8270634.420894692 3705978.6034848723)
,POINT (8266674.420894692 3685998.9784848713)
,POINT (8270626.920894693 3706017.6784848724)
,POINT (8277275.595894692 3700786.578484873)
,POINT (8284125.345894691 3703923.378484872)
,POINT (8272987.620894692 3693728.028484871)
,POINT (8276366.595894691 3688962.753484872)
,POINT (8273887.695894692 3692655.4534848724)
,POINT (8277295.245894692 3703105.653484872)
,POINT (8270611.695894693 3705935.9284848715)
,POINT (8275932.420894693 3683940.6034848723)
,POINT (8266535.745894692 3685981.2034848724)
,POINT (8277205.695894693 3701106.228484872)
,POINT (8284453.320894693 3701585.778484872)
,POINT (8270636.295894692 3705949.1284848712)
,POINT (8273339.220894691 3691088.9284848706)
,POINT (8266666.620894692 3685988.178484871)
,POINT (8282769.420894692 3704206.428484872)
,POINT (8266590.645894693 3686098.353484872)
,POINT (8270572.695894694 3706043.7034848724)
,POINT (8273917.995894693 3710045.2534848717)
,POINT (8270582.145894692 3706042.278484872)
,POINT (8273313.045894692 3691860.678484871)
,POINT (8278178.670894692 3701100.0034848717)
,POINT (8266609.395894692 3686066.7784848707)
,POINT (8277191.2208946925 3700900.653484872)
,POINT (8284100.445894692 3697009.8034848724)
,POINT (8284070.595894691 3696932.2534848712)
,POINT (8270596.545894692 3706018.7284848713)
,POINT (8274673.695894694 3721766.478484871)
,POINT (8272940.295894693 3706158.903484872)
,POINT (8284125.570894693 3697038.978484871)
,POINT (8273507.895894693 3720426.078484871)
,POINT (8276815.095894691 3701412.9784848704)
,POINT (8266602.945894694 3686084.928484872)
,POINT (8270493.120894694 3703563.9784848713)
,POINT (8273868.495894692 3689904.453484872)
,POINT (8273888.595894691 3690305.928484872)
,POINT (8283895.770894693 3696718.428484872)
,POINT (8270069.445894693 3704138.553484872)
,POINT (8265917.2208946925 3686745.528484872)
,POINT (8273832.570894692 3708117.5284848716)
,POINT (8265844.770894692 3686745.678484872)
,POINT (8277278.520894692 3701394.678484871)
,POINT (8272299.570894692 3706436.2534848717)
,POINT (8265975.120894694 3686744.028484872)
,POINT (8272052.145894694 3706271.928484871)
,POINT (8277064.020894693 3701118.378484872)
,POINT (8276813.9708946925 3701779.653484871)
,POINT (8284153.320894693 3697103.478484872)
,POINT (8270326.920894694 3703244.2534848712)
,POINT (8273791.995894693 3708070.0534848715)
,POINT (8284280.745894692 3697205.9284848715)
,POINT (8273082.570894693 3710523.978484871)
,POINT (8266605.645894692 3681848.178484871)
,POINT (8272889.370894693 3706199.553484872)
,POINT (8269933.395894694 3700633.428484872)
,POINT (8265708.420894692 3678655.1284848717)
,POINT (8284218.495894692 3697100.2534848717)
,POINT (8277305.745894693 3701504.928484871)
,POINT (8270205.720894692 3700450.653484872)
,POINT (8266458.345894691 3683703.453484872)
,POINT (8273029.995894693 3708186.303484872)
,POINT (8283432.570894692 3697274.328484871)
,POINT (8270067.195894693 3700502.6284848717)
,POINT (8273069.970894691 3708152.103484872)
,POINT (8278410.045894692 3701929.053484873)
,POINT (8278240.845894692 3702019.8034848706)
,POINT (8265128.5958946925 3723207.6034848713)
,POINT (8273075.970894691 3708182.628484872)
,POINT (8269220.295894693 3701049.378484872)
,POINT (8272391.595894691 3706455.378484872)
,POINT (8263400.370894692 3725396.0284848716)
,POINT (8276841.645894692 3701823.0784848714)
,POINT (8271470.520894692 3706451.028484872)
,POINT (8273003.145894692 3708213.978484872)
,POINT (8284260.570894693 3697220.703484872)
,POINT (8269883.520894693 3700888.728484872)
,POINT (8272428.270894692 3706525.5784848714)
,POINT (8282820.645894693 3695638.728484872)
,POINT (8265354.195894692 3678698.9284848724)
,POINT (8269214.970894691 3701009.553484872)
,POINT (8273909.070894693 3708199.128484872)
,POINT (8273896.770894693 3708212.553484872)
,POINT (8282999.9708946925 3695723.178484871)
,POINT (8272330.920894693 3706457.028484872)
,POINT (8284321.770894692 3697964.1034848723)
,POINT (8264178.270894693 3713938.728484872)
,POINT (8277343.545894692 3698762.5534848715)
,POINT (8269516.170894692 3701774.328484871)
,POINT (8264065.245894692 3713916.6784848715)
,POINT (8278182.645894692 3702051.453484872)
,POINT (8271444.120894693 3706494.6034848713)
,POINT (8273984.220894691 3708299.1784848715)
,POINT (8273059.995894692 3708273.603484872)
,POINT (8269228.995894693 3701097.3784848717)
,POINT (8272522.320894693 3706586.403484872)
,POINT (8272344.945894692 3706589.4034848716)
,POINT (8277922.8458946925 3702190.7284848723)
,POINT (8283974.970894692 3696312.303484872)
,POINT (8270837.820894692 3701274.753484872)
,POINT (8277155.670894692 3699472.278484872)
,POINT (8273010.420894693 3708252.6034848723)
,POINT (8283779.445894692 3692897.478484872)
,POINT (8270851.095894692 3702159.078484872)
,POINT (8272898.220894691 3706578.978484872)
,POINT (8263822.545894692 3713894.7034848705)
,POINT (8272423.170894692 3706577.628484872)
,POINT (8277492.420894693 3699530.403484872)
,POINT (8274351.195894693 3708368.1034848713)
,POINT (8273108.670894692 3708323.403484872)
,POINT (8277196.170894693 3698825.4784848713)
,POINT (8263739.895894693 3714073.7284848713)
,POINT (8283097.245894694 3695745.978484872)
,POINT (8283964.320894693 3693016.5784848714)
,POINT (8263477.620894693 3713982.903484871)
,POINT (8270856.645894692 3702062.703484872)
,POINT (8273998.245894692 3708322.878484872)
,POINT (8272504.395894692 3706621.5034848717)
,POINT (8269434.045894692 3702141.7534848726)
,POINT (8264025.345894692 3713991.3034848715)
,POINT (8269774.020894692 3702204.828484872)
,POINT (8283682.470894691 3693018.228484872)
,POINT (8269765.770894692 3702190.878484872)
,POINT (8263527.345894692 3710468.7034848714)
,POINT (8278714.395894693 3696549.9784848713)
,POINT (8277497.445894693 3699592.578484872)
,POINT (8272462.995894694 3706605.303484873)
,POINT (8274046.320894693 3708397.8034848706)
,POINT (8283798.645894692 3692912.103484871)
,POINT (8269365.645894693 3702175.9534848705)
,POINT (8276818.020894693 3699776.103484872)
,POINT (8263583.070894692 3714096.228484871)
,POINT (8274052.770894693 3708409.053484872)
,POINT (8278507.695894692 3698039.1034848713)
,POINT (8278485.270894692 3698097.4534848714)
,POINT (8272655.295894692 3706627.5034848726)
,POINT (8273202.420894693 3708396.7534848717)
,POINT (8271312.195894693 3706624.8784848726)
,POINT (8263562.520894693 3714121.2034848724)
,POINT (8269050.870894693 3698306.5534848724)
,POINT (8272490.820894692 3706626.3034848715)
,POINT (8255484.120894692 3685071.903484872)
,POINT (8283717.495894692 3693042.1534848716)
,POINT (8278447.170894693 3698037.1534848725)
,POINT (8283708.720894691 3693025.203484872)
,POINT (8272199.970894691 3692977.1284848712)
,POINT (8274446.445894692 3703380.678484872)
,POINT (8271553.245894692 3692908.8784848712)
,POINT (8267401.695894693 3698212.4284848724)
,POINT (8254724.520894692 3683752.3534848713)
,POINT (8267428.620894692 3698304.4534848724)
,POINT (8274647.295894693 3703318.1284848717)
,POINT (8279582.220894691 3703114.8784848717)
,POINT (8269004.820894692 3694893.153484871)
,POINT (8271634.620894694 3695962.503484872)
,POINT (8254878.945894692 3718101.978484871)
,POINT (8275938.795894692 3706128.0034848717)
,POINT (8293815.720894691 3673685.2534848717)
,POINT (8254104.270894692 3683039.4034848716)
,POINT (8280046.845894692 3706109.4784848713)
,POINT (8274467.595894691 3703377.228484872)
,POINT (8276500.620894694 3705828.753484872)
,POINT (8290380.495894693 3710202.378484871)
,POINT (8273608.770894693 3703545.453484872)
,POINT (8280307.995894692 3706131.1534848716)
,POINT (8269036.695894695 3698357.5534848715)
,POINT (8272550.745894692 3693259.7284848723)
,POINT (8276311.095894691 3706012.878484872)
,POINT (8293539.570894692 3709304.9284848715)
,POINT (8272707.7208946925 3693281.778484872)
,POINT (8276770.770894692 3700420.803484872)
,POINT (8292323.970894692 3685851.903484873)
,POINT (8268989.820894693 3694862.328484872)
,POINT (8271604.545894692 3693166.2034848724)
,POINT (8255171.370894692 3684052.578484872)
,POINT (8272986.120894692 3703534.9534848705)
,POINT (8279986.545894692 3704003.7784848716)
,POINT (8279605.995894692 3703190.7784848716)
,POINT (8276083.245894692 3700453.203484872)
,POINT (8292017.9708946925 3710390.5534848715)
,POINT (8275744.020894693 3702319.278484871)
,POINT (8274562.470894692 3704046.2284848723)
,POINT (8268949.920894693 3695154.1534848716)
,POINT (8279582.520894692 3703895.6284848712)
,POINT (8290247.970894692 3689426.853484872)
,POINT (8248516.770894693 3720881.403484872)
,POINT (8276101.395894693 3702332.0284848716)
,POINT (8274598.770894693 3704076.303484872)
,POINT (8272459.245894693 3693300.5284848716)
,POINT (8268985.620894693 3695072.5534848715)
,POINT (8249293.245894692 3721803.303484872)
,POINT (8279931.720894692 3704081.028484872)
,POINT (8269025.970894691 3695107.8034848715)
,POINT (8272517.295894693 3693350.7784848725)
,POINT (8274595.245894693 3704033.328484871)
,POINT (8251790.970894691 3678710.928484873)
,POINT (8273367.270894692 3703629.453484872)
,POINT (8291980.695894693 3710389.3534848713)
,POINT (8253236.295894693 3678000.0784848714)
,POINT (8272776.945894694 3693299.2534848717)
,POINT (8275953.045894692 3700596.0784848714)
,POINT (8248533.570894692 3692786.0284848716)
,POINT (8279954.595894691 3704049.378484873)
,POINT (8273231.070894692 3700411.803484872)
,POINT (8276282.370894692 3700590.30348487)
,POINT (8288514.945894693 3710197.2784848716)
,POINT (8268205.545894693 3693291.9034848716)
,POINT (8279989.920894694 3704070.5284848716)
,POINT (8273253.870894692 3700420.428484871)
,POINT (8269114.620894693 3695983.2034848714)
,POINT (8272061.595894691 3693476.253484872)
,POINT (8276152.170894693 3700767.453484872)
,POINT (8274078.270894692 3700399.5034848717)
,POINT (8276417.595894691 3700642.428484872)
,POINT (8279640.270894692 3701153.928484871)
,POINT (8268215.895894693 3693286.42848487)
,POINT (8276074.245894692 3700773.303484871)
,POINT (8291519.595894691 3687147.753484871)
,POINT (8267344.020894693 3693771.6034848713)
,POINT (8289865.845894692 3710054.1784848724)
,POINT (8248951.170894693 3692755.5784848714)
,POINT (8268084.270894692 3693745.4284848715)
,POINT (8289232.770894692 3708235.653484871)
,POINT (8248637.895894693 3692936.4784848713)
,POINT (8272306.695894692 3693447.903484871)
,POINT (8275834.020894692 3700641.228484872)
,POINT (8273287.395894693 3700461.6784848715)
,POINT (8280139.170894692 3700465.8034848724)
,POINT (8272319.520894692 3693442.428484872)
,POINT (8288500.620894694 3709952.628484873)
,POINT (8268206.145894692 3693332.2534848726)
,POINT (8279785.470894691 3700705.278484872)
,POINT (8289375.720894691 3708151.053484873)
,POINT (8279893.695894692 3701344.803484871)
,POINT (8248994.445894692 3692848.4284848724)
,POINT (8279936.820894692 3701319.3034848715)
,POINT (8273263.470894691 3700427.2534848726)
,POINT (8271894.495894693 3693530.028484872)
,POINT (8276067.420894692 3700819.1284848717)
,POINT (8249010.795894693 3692888.403484871)
,POINT (8267629.845894692 3693851.178484872)
,POINT (8288559.120894693 3700226.628484872)
,POINT (8271964.620894692 3693528.228484871)
,POINT (8267981.520894693 3693876.303484872)
,POINT (8249059.170894692 3693092.553484871)
,POINT (8271936.645894692 3693517.6534848725)
,POINT (8289806.145894692 3695227.0534848706)
,POINT (8249086.545894694 3693107.2534848726)
,POINT (8273438.370894692 3700528.4284848715)
,POINT (8271974.370894692 3693597.678484871)
,POINT (8275923.420894693 3700815.2284848713)
,POINT (8279947.095894692 3701292.4534848714)
,POINT (8267629.920894692 3693774.678484872)
,POINT (8279796.720894691 3701582.178484872)
,POINT (8272927.020894692 3693602.7034848714)
,POINT (8273456.970894691 3700530.4534848714)
,POINT (8249039.220894692 3692938.9534848714)
,POINT (8273771.220894691 3700524.7534848726)
,POINT (8288814.195894693 3700001.103484872)
,POINT (8276239.170894693 3701040.453484873)
,POINT (8248614.870894692 3692961.078484872)
,POINT (8276175.570894695 3701099.4784848713)
,POINT (8268042.645894694 3693960.3784848717)
,POINT (8287832.445894694 3709818.0784848705)
,POINT (8268036.420894694 3693984.453484871)
,POINT (8271832.995894693 3693556.1284848717)
,POINT (8249091.795894694 3693407.628484872)
,POINT (8273897.295894693 3700673.328484872)
,POINT (8288301.570894693 3709828.653484873)
,POINT (8268028.470894691 3693981.678484871)
,POINT (8279904.420894693 3701463.378484872)
,POINT (8276284.695894692 3700935.6034848713)
,POINT (8279917.545894692 3701398.428484872)
,POINT (8276363.295894693 3700989.078484872)
,POINT (8290223.220894692 3689415.603484872)
,POINT (8273710.395894692 3700799.853484871)
,POINT (8271870.795894693 3693678.7534848717)
,POINT (8280304.020894693 3698704.8784848717)
,POINT (8271637.395894693 3693666.9784848713)
,POINT (8280132.495894692 3700354.203484872)
,POINT (8276704.620894692 3701523.678484872)
,POINT (8268222.120894693 3693939.603484872)
,POINT (8249099.520894693 3693144.978484872)
,POINT (8276719.920894692 3701564.3284848714)
,POINT (8279808.720894692 3701588.853484872)
,POINT (8273510.895894692 3700534.653484872)
,POINT (8273707.0958946925 3700572.3784848717)
,POINT (8248482.495894692 3693629.328484871)
,POINT (8288096.670894692 3701302.203484872)
,POINT (8271901.470894691 3693639.3784848712)
,POINT (8268611.445894693 3694259.853484872)
,POINT (8248474.545894692 3692683.4284848724)
,POINT (8273614.845894692 3701144.628484872)
,POINT (8279689.995894692 3696684.6784848715)
,POINT (8276116.095894691 3701269.428484872)
,POINT (8268026.220894691 3694020.0784848714)
,POINT (8248691.070894692 3693464.478484872)
,POINT (8272069.320894695 3694300.578484871)
,POINT (8276606.070894692 3701638.8784848717)
,POINT (8286553.845894691 3700494.6034848723)
,POINT (8287998.195894694 3700711.2784848725)
,POINT (8274679.545894692 3700854.303484872)
,POINT (8278761.645894692 3696597.1534848725)
,POINT (8268873.420894692 3690805.7284848713)
,POINT (8244745.620894694 3722416.8034848715)
,POINT (8271990.870894692 3693960.1534848716)
,POINT (8268970.770894692 3690903.978484872)
,POINT (8287520.520894692 3694885.428484872)
,POINT (8244730.845894691 3722627.253484872)
,POINT (8273451.570894692 3701723.5534848724)
,POINT (8268820.845894692 3694498.2034848705)
,POINT (8272093.770894693 3694349.478484872)
,POINT (8276596.770894692 3701585.028484872)
,POINT (8288067.120894693 3701844.3034848724)
,POINT (8273441.145894692 3701741.328484871)
,POINT (8268438.420894692 3694563.228484872)
,POINT (8249671.170894692 3675664.7284848713)
,POINT (8279541.345894691 3696899.8534848713)
,POINT (8287265.445894692 3701392.203484871)
,POINT (8274404.970894691 3701626.2034848724)
,POINT (8271620.745894693 3690860.8534848713)
,POINT (8248473.270894692 3668239.653484872)
,POINT (8287455.645894694 3694799.2534848712)
,POINT (8271286.470894692 3694328.3284848724)
,POINT (8276704.920894692 3701877.303484871)
,POINT (8287938.120894693 3695233.278484872)
,POINT (8279610.195894692 3696889.128484872)
,POINT (8279693.595894692 3696776.0284848707)
,POINT (8311321.545894692 3724554.528484872)
,POINT (8287954.770894692 3695249.3284848724)
,POINT (8267431.770894694 3690927.678484871)
,POINT (8310863.070894693 3724761.3034848715)
,POINT (8276141.295894692 3701706.2284848723)
,POINT (8276674.095894691 3701769.1534848707)
,POINT (8311105.170894693 3724525.878484872)
,POINT (8271072.195894693 3691993.4284848715)
,POINT (8273410.695894693 3701885.1784848724)
,POINT (8279461.170894693 3697099.5784848724)
,POINT (8268901.770894692 3690927.3784848717)
,POINT (8287676.295894693 3694988.778484871)
,POINT (8273422.395894694 3701845.5784848724)
,POINT (8279227.245894692 3697187.4034848716)
,POINT (8276694.045894692 3702093.153484872)
,POINT (8272544.145894692 3691249.953484872)
,POINT (8288196.045894692 3695493.303484872)
,POINT (8276640.945894692 3702122.178484872)
,POINT (8307906.645894693 3726099.228484872)
,POINT (8279072.820894692 3696983.5534848715)
,POINT (8276759.745894693 3701950.4284848715)
,POINT (8272369.470894692 3691356.303484872)
,POINT (8279213.445894693 3697027.728484872)
,POINT (8273298.870894692 3702109.6534848716)
,POINT (8267614.620894692 3691271.703484871)
,POINT (8306425.995894693 3712033.0534848706)
,POINT (8286662.595894691 3693662.9284848724)
,POINT (8273806.320894692 3699156.3034848724)
,POINT (8279868.720894692 3696538.9534848714)
,POINT (8269011.870894692 3690954.2284848713)
,POINT (8268954.645894692 3690982.578484871)
,POINT (8271441.870894693 3692670.0034848717)
,POINT (8276259.045894692 3702269.0284848716)
,POINT (8287927.320894693 3695257.8034848715)
,POINT (8273358.345894692 3702024.153484872)
,POINT (8280361.545894694 3692926.7284848723)
,POINT (8275202.145894692 3698915.6284848712)
,POINT (8311142.445894692 3724968.528484872)
,POINT (8271859.020894692 3692313.9784848704)
,POINT (8286613.395894693 3693705.4534848714)
,POINT (8268333.495894693 3692469.0784848714)
,POINT (8273375.445894692 3702072.8284848714)
,POINT (8268342.120894693 3692485.578484872)
,POINT (8306812.320894693 3709212.3034848715)
,POINT (8279794.020894693 3694655.8534848704)
,POINT (8274199.995894692 3699384.4534848714)
,POINT (8271626.295894693 3692512.4284848706)
,POINT (8305792.845894691 3696138.8284848714)
,POINT (8272228.020894692 3683934.5284848725)
,POINT (8268021.945894693 3691651.4284848715)
,POINT (8268389.370894692 3692271.0034848712)
,POINT (8306388.420894694 3712201.128484872)
,POINT (8276580.945894694 3702146.6284848717)
,POINT (8273547.420894692 3699982.953484871)
,POINT (8279737.020894693 3694276.578484872)
,POINT (8286628.320894692 3693687.9784848723)
,POINT (8273956.020894692 3699162.6034848713)
,POINT (8272313.670894693 3688918.128484872)
,POINT (8271422.670894692 3689951.5534848715)
,POINT (8267325.420894693 3689207.778484872)
,POINT (8280347.820894693 3692966.778484871)
,POINT (8305495.095894691 3711989.703484871)
,POINT (8286957.570894692 3694399.353484872)
,POINT (8276407.845894692 3698934.678484872)
,POINT (8275244.145894693 3698924.2534848726)
,POINT (8273278.170894693 3697800.153484872)
,POINT (8286617.820894693 3693732.9034848716)
,POINT (8269828.245894692 3713831.4034848716)
,POINT (8306450.595894691 3684394.3534848713)
,POINT (8268398.145894692 3692557.278484872)
,POINT (8306492.295894693 3684528.7534848717)
,POINT (8279804.070894692 3694452.8284848724)
,POINT (8286579.495894692 3693747.1534848707)
,POINT (8279765.595894691 3694465.203484872)
,POINT (8267414.895894693 3690114.753484871)
,POINT (8275648.695894692 3699121.128484872)
,POINT (8305044.720894691 3710671.9534848705)
,POINT (8279670.420894694 3694286.853484872)
,POINT (8273198.595894691 3700243.7284848713)
,POINT (8287180.620894693 3694577.3284848724)
,POINT (8273583.120894693 3697888.278484873)
,POINT (8269381.020894692 3716843.703484872)
,POINT (8267362.170894694 3690207.1534848716)
,POINT (8269237.695894693 3718358.853484872)
,POINT (8276177.520894693 3698999.253484872)
,POINT (8287210.545894692 3694598.5534848715)
,POINT (8279824.695894693 3694346.1784848715)
,POINT (8273083.020894693 3697967.9284848715)
,POINT (8267376.645894692 3689288.7034848714)
,POINT (8275363.320894693 3699009.5284848725)
,POINT (8305387.320894692 3712095.3784848717)
,POINT (8286970.845894691 3694405.953484872)
,POINT (8279512.845894691 3694485.9784848713)
,POINT (8273308.320894694 3697852.728484872)
,POINT (8269696.095894692 3713253.5284848716)
,POINT (8269943.070894693 3714475.953484872)
,POINT (8305312.995894693 3710196.6034848713)
,POINT (8284877.070894692 3707214.2284848713)
,POINT (8275835.970894692 3699285.3034848724)
,POINT (8279802.945894692 3694478.7034848724)
,POINT (8269965.045894692 3712877.3284848714)
,POINT (8300765.295894692 3690496.128484872)
,POINT (8268223.920894693 3690370.803484872)
,POINT (8284868.145894694 3706046.7784848725)
,POINT (8269439.670894692 3713270.253484873)
,POINT (8276152.545894693 3699196.353484871)
,POINT (8269808.220894691 3713341.203484872)
,POINT (8275683.270894693 3699268.5784848714)
,POINT (8275689.645894693 3699410.103484871)
,POINT (8304815.145894693 3710981.328484871)
,POINT (8268373.245894694 3690213.603484872)
,POINT (8267497.770894692 3690339.678484872)
,POINT (8279818.995894693 3694602.003484871)
,POINT (8284619.745894692 3710058.828484871)
,POINT (8305283.370894692 3711276.228484872)
,POINT (8273117.145894692 3697977.3784848717)
,POINT (8275651.245894692 3699564.453484872)
,POINT (8245179.645894693 3672062.553484871)
,POINT (8284552.170894692 3703630.0534848715)
,POINT (8268306.945894692 3690420.528484871)
,POINT (8269729.995894693 3713255.7034848714)
,POINT (8279748.045894692 3694534.5034848717)
,POINT (8273068.695894692 3697969.2034848714)
,POINT (8279544.120894692 3694494.6034848713)
,POINT (8275923.870894694 3699391.2034848714)
,POINT (8273293.920894692 3698041.578484872)
,POINT (8268547.845894691 3690445.4284848715)
,POINT (8276084.520894692 3699315.153484871)
,POINT (8279745.345894692 3694578.303484872)
,POINT (8268194.295894692 3690401.628484872)
,POINT (8284492.995894692 3703621.5784848714)
,POINT (8245520.445894692 3671872.353484871)
,POINT (8279337.270894693 3689871.303484872)
,POINT (8298017.370894692 3701936.7034848724)
,POINT (8279333.895894695 3690022.653484873)
,POINT (8273125.695894693 3697986.528484872)
,POINT (8269836.945894692 3713600.6284848717)
,POINT (8273172.570894692 3698005.2034848714)
,POINT (8268725.220894691 3714755.1784848724)
,POINT (8273215.545894693 3698013.603484872)
,POINT (8279833.695894692 3694607.928484871)
,POINT (8275561.845894691 3699833.553484871)
,POINT (8269862.295894693 3713577.5284848716)
,POINT (8267358.570894692 3712736.0284848725)
,POINT (8285922.645894693 3699230.6284848712)
,POINT (8271613.095894692 3704836.878484872)
,POINT (8286171.420894692 3698061.9034848725)
,POINT (8262655.995894693 3666855.5284848716)
,POINT (8286231.720894691 3699207.528484872)
,POINT (8268847.995894694 3719532.378484872)
,POINT (8281483.620894693 3695596.2034848714)
,POINT (8276169.195894693 3699693.453484872)
,POINT (8286351.795894693 3700746.3784848717)
,POINT (8278235.520894692 3681503.928484872)
,POINT (8268914.820894693 3717207.3784848717)
,POINT (8262762.870894692 3666384.0784848724)
,POINT (8273340.120894693 3707783.178484872)
,POINT (8273760.795894692 3707821.0534848715)
,POINT (8271472.770894692 3704833.728484872)
,POINT (8278219.395894693 3681529.728484872)
,POINT (8268161.670894693 3712989.603484872)
,POINT (8281527.945894692 3695539.3534848704)
,POINT (8273939.070894692 3707798.4784848713)
,POINT (8273726.520894693 3707921.7784848716)
,POINT (8268130.770894692 3713005.3534848713)
,POINT (8281513.545894692 3695549.103484872)
,POINT (8273719.395894694 3707898.228484871)
,POINT (8278247.295894693 3681383.028484871)
,POINT (8260089.420894692 3691836.5284848716)
,POINT (8271405.870894694 3705629.478484872)
,POINT (8271609.045894692 3705135.4534848714)
,POINT (8273738.220894692 3707990.178484872)
,POINT (8281452.3458946925 3695685.9784848713)
,POINT (8262688.770894692 3666880.578484871)
,POINT (8268090.870894693 3712980.6784848715)
,POINT (8274817.170894692 3707839.428484872)
,POINT (8278398.945894693 3681087.2284848723)
,POINT (8260194.495894693 3691833.528484872)
,POINT (8271656.445894692 3705109.7284848713)
,POINT (8281511.295894692 3695720.5534848715)
,POINT (8260162.320894692 3708128.778484872)
,POINT (8272402.395894693 3704953.3534848704)
,POINT (8275066.995894694 3709995.153484872)
,POINT (8268174.045894694 3713016.3034848715)
,POINT (8281411.095894691 3695681.103484872)
,POINT (8268568.920894692 3713050.8034848724)
,POINT (8273725.395894694 3707865.678484872)
,POINT (8260859.370894692 3692531.8534848713)
,POINT (8272601.220894692 3705800.7784848716)
,POINT (8273982.345894691 3705520.2784848716)
,POINT (8272537.245894694 3705910.2784848716)
,POINT (8278050.645894692 3682962.153484871)
,POINT (8261315.295894692 3691901.0284848725)
,POINT (8273037.720894691 3708032.328484872)
,POINT (8281277.070894692 3695832.828484872)
,POINT (8268811.470894692 3713090.5534848724)
,POINT (8261296.170894692 3691908.60348487)
,POINT (8272495.095894692 3705743.103484872)
,POINT (8275177.395894693 3710073.978484872)
,POINT (8281564.395894693 3695767.1284848717)
,POINT (8275178.595894691 3710045.103484872)
,POINT (8273113.8458946925 3704929.578484872)
,POINT (8268559.020894692 3713100.3034848724)
,POINT (8272235.370894692 3706099.653484873)
,POINT (8275088.445894692 3710014.6534848716)
,POINT (8261420.070894692 3684163.9534848724)
,POINT (8274335.670894693 3705625.428484872)
,POINT (8282505.420894692 3695821.0534848715)
,POINT (8268468.420894693 3713077.503484871)
,POINT (8268846.495894693 3713086.878484872)
,POINT (8260889.970894691 3690387.0034848717)
,POINT (8273406.345894691 3705541.803484872)
,POINT (8261069.595894691 3690499.878484872)
,POINT (8281063.020894693 3693299.32848487)
,POINT (8281020.345894692 3693277.3534848723)
,POINT (8272779.195894693 3706097.6284848717)
,POINT (8274563.220894692 3705597.3034848724)
,POINT (8268969.345894691 3707116.203484872)
,POINT (8275372.545894692 3710226.6034848704)
,POINT (8268744.420894694 3704366.853484871)
,POINT (8273516.220894691 3705659.478484872)
,POINT (8280905.145894692 3693241.7284848723)
,POINT (8269104.795894694 3713105.0284848716)
,POINT (8257860.045894693 3724187.9284848715)
,POINT (8275268.595894692 3710138.103484872)
,POINT (8271179.295894693 3703044.753484872)
,POINT (8261071.920894693 3684648.453484872)
,POINT (8281727.445894692 3692032.5034848717)
,POINT (8273700.270894692 3705639.0034848726)
,POINT (8282214.045894692 3694526.3284848714)
,POINT (8275442.820894692 3710603.2534848717)
,POINT (8268971.895894692 3704374.9534848714)
,POINT (8259724.245894692 3676211.7034848714)
,POINT (8272554.570894694 3706105.353484872)
,POINT (8282315.070894694 3694447.653484872)
,POINT (8271684.870894693 3703033.2784848716)
,POINT (8269093.0958946925 3704375.4784848713)
,POINT (8272819.695894692 3706108.503484872)
,POINT (8275409.820894693 3710270.103484871)
,POINT (8269042.695894693 3704373.6034848713)
,POINT (8273570.895894693 3705715.5034848717)
,POINT (8274285.270894695 3705717.6034848723)
,POINT (8257833.120894692 3724340.8534848713)
,POINT (8271498.420894693 3703165.953484871)
,POINT (8275603.620894693 3710462.328484872)
,POINT (8280715.995894695 3673965.7534848717)
,POINT (8275197.945894692 3710821.1284848717)
,POINT (8275210.770894692 3710857.0534848715)
,POINT (8273597.820894693 3705696.078484872)
,POINT (8271393.795894692 3703269.8284848714)
,POINT (8273655.195894693 3705671.1034848713)
,POINT (8280991.920894692 3674091.1534848725)
,POINT (8269037.595894691 3704549.0284848716)
,POINT (8259320.595894692 3707033.103484872)
,POINT (8257872.645894693 3687485.3284848714)
,POINT (8281984.995894693 3690343.878484872)
,POINT (8267969.370894693 3704770.503484872)
,POINT (8271170.070894692 3703125.6784848706)
,POINT (8275358.2208946925 3710662.353484871)
,POINT (8273721.795894693 3705766.203484871)
,POINT (8271184.920894693 3703329.6034848723)
,POINT (8257615.395894693 3688821.453484872)
,POINT (8273354.895894693 3705781.803484872)
,POINT (8257900.470894692 3687462.453484873)
,POINT (8268370.620894692 3704387.7034848714)
,POINT (8268002.670894692 3704810.4784848723)
,POINT (8258293.320894693 3687465.303484872)
,POINT (8278790.145894693 3708227.028484872)
,POINT (8271195.795894693 3703282.2784848707)
,POINT (8273590.395894693 3705753.453484872)
,POINT (8275328.670894692 3708377.778484872)
,POINT (8268737.295894692 3705711.9034848725)
,POINT (8276586.870894692 3711105.828484871)
,POINT (8258281.4708946925 3681244.803484872)
,POINT (8272827.420894693 3703873.8784848726)
,POINT (8280053.820894692 3708086.6284848717)
,POINT (8275301.970894691 3708364.8784848726)
,POINT (8258202.270894694 3685782.4534848705)
,POINT (8279434.695894692 3708615.0784848714)
,POINT (8273525.670894694 3705840.978484872)
,POINT (8267991.570894692 3704797.1284848712)
,POINT (8275588.095894692 3708964.653484871)
,POINT (8271195.945894693 3701635.9534848714)
,POINT (8271246.795894694 3703389.453484872)
,POINT (8268488.145894694 3702550.5784848714)
,POINT (8274634.245894692 3705783.903484872)
,POINT (8271684.345894691 3703510.803484872)
,POINT (8279713.395894693 3708692.6284848717)
,POINT (8258266.545894692 3681213.528484872)
,POINT (8275699.245894692 3708982.5784848724)
,POINT (8258403.945894692 3681781.5034848717)
,POINT (8279503.995894692 3708534.453484872)
,POINT (8276766.120894692 3708782.3284848714)
,POINT (8267445.870894692 3702723.753484872)
,POINT (8274418.395894693 3705905.6284848717)
,POINT (8280136.770894692 3708548.6284848717)
,POINT (8258885.895894693 3683059.3534848713)
,POINT (8272454.070894693 3701861.7784848716)
,POINT (8271419.670894692 3702008.32848487)
,POINT (8276497.695894693 3708915.378484872)
,POINT (8258299.995894693 3681717.453484872)
,POINT (8268562.845894692 3702474.2284848713)
,POINT (8279833.095894691 3708710.6284848726)
,POINT (8274542.220894691 3705867.3034848715)
,POINT (8274897.945894692 3709137.828484872)
,POINT (8258308.320894693 3681743.7784848716)
,POINT (8274598.695894693 3705897.3034848715)
,POINT (8279772.045894693 3708741.4534848714)
,POINT (8267597.820894693 3700476.828484872)
,POINT (8258425.170894693 3680645.9284848706)
,POINT (8258912.970894692 3683066.0284848716)
,POINT (8273379.495894692 3705911.178484872)
,POINT (8271197.895894693 3701647.728484871)
,POINT (8269084.545894692 3702834.7534848717)
,POINT (8272676.895894692 3699361.1284848717)
,POINT (8279663.445894693 3708702.9034848716)
,POINT (8275151.895894692 3709108.6534848725)
,POINT (8273158.545894692 3705926.028484871)
,POINT (8267428.245894692 3703920.153484873)
,POINT (8272628.070894693 3699376.3534848723)
,POINT (8280256.770894692 3708779.103484872)
,POINT (8275796.970894691 3709256.628484871)
,POINT (8280225.120894694 3708781.728484872)
,POINT (8274715.770894692 3705906.453484872)
,POINT (8268102.420894693 3700981.3534848723)
,POINT (8272193.220894691 3698846.778484872)
,POINT (8280143.070894692 3708774.8284848705)
,POINT (8258424.495894694 3680906.3284848714)
,POINT (8273304.270894692 3706016.028484871)
,POINT (8275489.995894694 3709236.4534848714)
,POINT (8272555.695894692 3699504.153484872)
,POINT (8275360.320894693 3709236.753484872)
,POINT (8269096.470894691 3700965.003484872)
,POINT (8280050.820894692 3706320.4534848724)
,POINT (8267899.695894695 3700822.1284848717)
,POINT (8273112.720894692 3706031.853484872)
,POINT (8258447.220894691 3680895.828484872)
,POINT (8258305.095894691 3680903.0284848725)
,POINT (8269087.0958946925 3701526.678484871)
,POINT (8272585.620894693 3699425.853484872)
,POINT (8268950.2208946925 3701874.528484872)
,POINT (8274933.195894693 3709886.2534848717)
,POINT (8258494.695894693 3680986.278484872)
,POINT (8274820.020894692 3705951.2284848713)
,POINT (8278830.120894693 3709061.7784848716)
,POINT (8274809.595894692 3706136.553484872)
,POINT (8275167.495894693 3709270.2034848714)
,POINT (8279622.045894692 3709707.828484872)
,POINT (8269093.395894693 3700986.378484872)
,POINT (8275116.645894693 3709453.2034848724)
,POINT (8280069.570894692 3707197.6534848707)
,POINT (8258229.570894692 3680984.5534848706)
,POINT (8273271.570894693 3702385.9534848724)
,POINT (8280160.695894693 3706981.353484871)
,POINT (8268185.445894694 3701405.253484872)
,POINT (8271858.570894692 3698367.528484871)
,POINT (8273020.395894693 3706095.5284848707)
,POINT (8271230.370894692 3697296.6034848713)
,POINT (8274999.645894693 3706209.4534848714)
,POINT (8272346.820894692 3700206.1534848725)
,POINT (8280055.545894692 3706582.653484871)
,POINT (8258272.920894692 3681098.6284848726)
,POINT (8298716.595894691 3668994.2284848723)
,POINT (8258431.320894693 3681037.2784848716)
,POINT (8245077.270894694 3671068.578484873)
,POINT (8268716.220894691 3698827.2784848716)
,POINT (8275087.095894692 3709977.4534848714)
,POINT (8271978.945894692 3694870.353484871)
,POINT (8274968.070894692 3709931.028484872)
,POINT (8258416.395894692 3680994.828484872)
,POINT (8271180.870894693 3694952.778484871)
,POINT (8274233.445894694 3702531.5284848716)
,POINT (8275122.795894692 3706725.7534848717)
,POINT (8268886.920894692 3698496.378484872)
,POINT (8268034.920894693 3699324.3034848724)
,POINT (8279581.170894693 3707429.4784848723)
,POINT (8271675.345894692 3694728.9034848716)
,POINT (8274976.695894693 3706846.803484871)
,POINT (8268580.095894692 3698876.628484872)
,POINT (8280052.845894693 3707235.753484871)
,POINT (8240281.245894692 3725031.078484871)
,POINT (8273327.595894691 3702402.1534848716)
,POINT (8245138.770894692 3671069.703484872)
,POINT (8272015.920894693 3694795.728484871)
,POINT (8274991.995894693 3706301.7034848714)
,POINT (8274273.420894694 3702901.0534848715)
,POINT (8244993.045894692 3671070.003484871)
,POINT (8274471.570894693 3702891.6784848715)
,POINT (8279371.020894692 3707415.603484872)
,POINT (8268687.045894692 3698859.603484872)
,POINT (8271154.8458946925 3694993.878484871)
,POINT (8272538.520894692 3695026.203484871)
,POINT (8258280.345894692 3681169.9534848714)
,POINT (8238531.570894693 3724640.253484871)
,POINT (8274238.320894693 3702597.153484872)
,POINT (8280578.145894692 3707951.6284848726)
,POINT (8275866.795894694 3704301.2284848723)
,POINT (8280055.320894692 3707835.603484872)
,POINT (8279797.545894692 3707503.2034848724)
,POINT (8274213.120894693 3703002.3784848717)
,POINT (8268961.0958946925 3698122.278484871)
,POINT (8240446.245894692 3724203.3784848712)
,POINT (8268507.945894692 3699987.3034848724)
,POINT (8292320.070894692 3710428.353484872)
,POINT (8279946.345894692 3707585.328484871)
,POINT (8294328.720894691 3695036.7784848716)
,POINT (8272587.045894693 3695257.2034848714)
,POINT (8272629.720894691 3695275.653484872)
,POINT (8268492.645894693 3700156.203484872)
,POINT (8274217.170894693 3703031.6284848717)
,POINT (8275349.895894692 3705534.6034848723)
,POINT (8257235.070894693 3688334.178484871)
,POINT (8292555.420894694 3710386.2034848714)
,POINT (8274208.995894693 3702972.828484871)
,POINT (8257394.370894692 3688498.9534848714)
,POINT (8280065.670894692 3704389.203484872)
,POINT (8279746.470894692 3704375.0284848725)
,POINT (8271866.070894692 3695256.4534848705)
,POINT (8292459.345894692 3710443.8034848715)
,POINT (8256208.170894693 3672705.5284848716)
,POINT (8268985.545894693 3698132.2534848717)
,POINT (8275462.020894692 3705308.553484872)
,POINT (8274487.920894692 3703283.1784848715)
,POINT (8269105.620894693 3698177.2534848712)
,POINT (8275709.895894692 3705076.9534848714)
,POINT (8268977.9708946925 3698130.3784848703)
,POINT (8256402.195894693 3669748.053484872)
,POINT (8279995.095894692 3704293.728484872)
,POINT (8271787.020894692 3695501.4784848713)
,POINT (8280021.120894693 3704392.8784848717)
,POINT (8292343.0958946925 3710429.778484873)
,POINT (8257402.470894691 3688513.428484872)
,POINT (8257326.345894692 3683423.628484872)
,POINT (8271708.720894691 3695712.228484872)
,POINT (8292402.945894692 3710443.2784848725)
,POINT (8276451.420894692 3705818.478484871)
,POINT (8280004.920894692 3704427.828484871)
,POINT (8272243.695894692 3695382.3034848724)
,POINT (8274249.120894692 3703279.3534848704)
,POINT (8270848.095894692 3699575.853484871)
,POINT (8292859.095894691 3708203.4784848713)
,POINT (8264857.995894692 3693042.4534848714)
,POINT (8274326.895894692 3703195.5784848724)
,POINT (8273102.445894694 3708599.103484871)
,POINT (8275266.570894692 3705702.2284848723)
,POINT (8270687.220894691 3699718.578484871)
,POINT (8272344.720894691 3706648.503484872)
,POINT (8270981.895894692 3699411.828484871)
,POINT (8274080.070894692 3708734.028484872)
,POINT (8275242.045894692 3705736.8034848724)
,POINT (8292986.895894693 3708083.3284848714)
,POINT (8264889.495894694 3692709.078484872)
,POINT (8284170.870894694 3666120.303484872)
,POINT (8273120.970894692 3708454.7284848704)
,POINT (8264787.945894692 3692981.2534848726)
,POINT (8272457.670894693 3706635.153484872)
,POINT (8283794.445894694 3685098.303484872)
,POINT (8264711.520894692 3693490.1284848712)
,POINT (8277618.495894692 3694898.5534848715)
,POINT (8283283.170894692 3694149.0784848705)
,POINT (8272669.170894692 3706640.553484872)
,POINT (8278304.670894692 3698097.5284848716)
,POINT (8270476.995894692 3699923.4034848716)
,POINT (8282612.820894692 3694518.678484872)
,POINT (8270662.695894692 3699753.528484873)
,POINT (8264704.320894692 3693508.803484871)
,POINT (8277424.695894692 3694670.103484872)
,POINT (8272476.570894692 3706682.1034848713)
,POINT (8273445.195894693 3708794.2534848712)
,POINT (8263991.370894693 3693456.3784848717)
,POINT (8284099.320894692 3666264.5284848716)
,POINT (8270639.220894691 3699849.228484871)
,POINT (8278330.845894691 3696073.1284848712)
,POINT (8264005.320894692 3693471.678484872)
,POINT (8273573.070894692 3708779.2534848717)
,POINT (8278319.895894692 3696092.853484872)
,POINT (8273168.145894693 3708791.178484871)
,POINT (8270351.895894692 3700128.3034848715)
,POINT (8270319.720894691 3700157.553484872)
,POINT (8273274.720894691 3708813.8284848714)
,POINT (8272476.645894692 3706659.7534848717)
,POINT (8264652.645894692 3693798.0784848714)
,POINT (8272187.745894693 3706677.528484872)
,POINT (8273214.720894691 3708811.3534848727)
,POINT (8278258.845894691 3695984.7784848725)
,POINT (8284112.070894692 3666231.6784848715)
,POINT (8270314.620894693 3700080.4534848714)
,POINT (8272166.220894692 3706744.4284848715)
,POINT (8272462.695894693 3706725.0784848714)
,POINT (8280773.070894693 3710735.4034848707)
,POINT (8273188.0958946925 3708809.553484872)
,POINT (8278681.545894692 3696500.703484872)
,POINT (8264692.920894692 3693704.853484872)
,POINT (8282298.795894693 3710849.403484872)
,POINT (8272301.070894692 3706720.2034848714)
,POINT (8283959.595894691 3666743.2534848717)
,POINT (8270808.495894693 3697378.0534848706)
,POINT (8264912.670894693 3692429.178484872)
,POINT (8273030.520894693 3709135.128484872)
,POINT (8278649.520894693 3696462.3784848717)
,POINT (8281021.320894692 3710503.6534848716)
,POINT (8270179.620894693 3700221.978484872)
,POINT (8272498.245894692 3706776.9034848725)
,POINT (8263444.620894694 3689125.9534848714)
,POINT (8281030.695894692 3709084.203484871)
,POINT (8264976.945894692 3691829.178484871)
,POINT (8277709.845894691 3694075.5784848714)
,POINT (8270766.720894693 3697375.728484872)
,POINT (8277094.770894694 3693999.903484872)
,POINT (8281894.245894692 3709105.728484872)
,POINT (8264976.570894692 3691891.428484872)
,POINT (8273476.395894693 3708928.8784848726)
,POINT (8272230.270894692 3706753.0534848715)
,POINT (8273277.345894691 3708847.728484872)
,POINT (8264951.820894693 3678792.528484871)
,POINT (8281785.945894692 3708650.9284848715)
,POINT (8272219.845894692 3706756.353484872)
,POINT (8270974.545894692 3695819.7784848716)
,POINT (8277325.095894691 3692912.478484871)
,POINT (8271926.295894692 3707150.0284848725)
,POINT (8273375.820894692 3709357.128484872)
,POINT (8270916.945894692 3695273.7784848725)
,POINT (8282427.420894693 3709165.4284848724)
,POINT (8263789.845894691 3687830.478484872)
,POINT (8270915.145894694 3695423.4034848707)
,POINT (8272017.345894691 3707166.9784848727)
,POINT (8273164.920894694 3709196.7034848724)
,POINT (8273381.9708946925 3709332.753484872)
,POINT (8282491.020894692 3709172.778484872)
,POINT (8265086.970894692 3678862.8784848717)
,POINT (8278065.495894693 3694095.978484872)
,POINT (8271995.220894691 3706972.5784848714)
,POINT (8273162.820894693 3709443.228484872)
,POINT (8269155.870894693 3695959.0534848715)
,POINT (8277871.620894693 3694091.4784848727)
,POINT (8278364.595894692 3694095.0034848717)
,POINT (8273433.7208946925 3709458.8284848714)
,POINT (8271585.720894691 3707402.1784848724)
,POINT (8281539.270894692 3709118.3284848714)
,POINT (8265045.870894692 3678862.2034848714)
,POINT (8282306.895894693 3709227.6034848723)
,POINT (8269313.220894691 3692872.2034848724)
,POINT (8264821.920894692 3678825.9784848713)
,POINT (8271331.845894691 3707482.5784848714)
,POINT (8277131.295894693 3690927.0034848712)
,POINT (8277368.370894693 3694192.728484872)
,POINT (8282539.695894692 3709231.053484871)
,POINT (8272268.970894691 3707182.8034848724)
,POINT (8273307.345894692 3709384.953484871)
,POINT (8270383.620894692 3693632.553484872)
,POINT (8263265.070894692 3710905.203484871)
,POINT (8263346.595894691 3714227.2534848726)
,POINT (8272406.520894693 3707373.228484871)
,POINT (8277986.970894692 3694099.4284848724)
,POINT (8273162.820894693 3709552.803484872)
,POINT (8272164.345894692 3707583.603484872)
,POINT (8270371.170894693 3693575.7784848716)
,POINT (8282155.845894692 3709208.703484871)
,POINT (8272335.345894691 3707591.7784848725)
,POINT (8270395.4708946925 3692917.2034848705)
,POINT (8273192.070894692 3709559.1784848715)
,POINT (8264121.720894691 3666212.403484872)
,POINT (8282444.295894692 3709243.9534848714)
,POINT (8273453.070894692 3709508.328484872)
,POINT (8276956.470894691 3691279.1284848717)
,POINT (8263497.045894692 3666124.5784848714)
,POINT (8277610.395894692 3691327.7284848713)
,POINT (8270804.070894693 3693847.428484872)
,POINT (8261469.195894694 3693240.753484872)
,POINT (8272466.745894692 3707547.9034848716)
,POINT (8262143.670894693 3692026.6534848716)
,POINT (8273477.820894693 3709614.5284848725)
,POINT (8282349.570894692 3709233.003484872)
,POINT (8277104.370894692 3691058.2534848712)
,POINT (8282538.645894692 3709252.8784848717)
,POINT (8270738.670894693 3693711.7534848717)
,POINT (8261539.545894692 3711122.6284848717)
,POINT (8270755.095894691 3693721.878484872)
,POINT (8274550.995894692 3709580.628484872)
,POINT (8261504.370894692 3709861.053484872)
,POINT (8272958.595894691 3707700.9034848725)
,POINT (8280712.995894692 3706284.003484871)
,POINT (8270641.395894694 3691053.6784848715)
,POINT (8271544.770894692 3707594.853484871)
,POINT (8278338.120894693 3692046.153484872)
,POINT (8282477.670894692 3709247.3284848714)
,POINT (8270722.245894692 3691204.3534848713)
,POINT (8272485.120894692 3707676.0034848717)
,POINT (8276947.995894693 3691701.528484871)
,POINT (8273523.570894693 3709667.328484871)
,POINT (8261675.145894692 3689426.2534848717)
,POINT (8270338.695894694 3694557.6034848713)
,POINT (8282492.820894693 3709248.6784848715)
,POINT (8272899.120894693 3707725.9534848714)
,POINT (8276913.570894692 3691846.2784848716)
,POINT (8270663.370894693 3690946.803484872)
,POINT (8271729.645894692 3707739.3034848715)
,POINT (8278394.370894693 3692193.6784848715)
,POINT (8274589.620894693 3709620.453484871)
,POINT (8281319.070894692 3706369.8034848715)
,POINT (8269384.920894692 3691454.403484872)
,POINT (8261576.5958946925 3689330.178484872)
,POINT (8277240.270894692 3689428.503484872)
,POINT (8261608.620894692 3689506.953484872)
,POINT (8273489.820894692 3709645.803484872)
,POINT (8270075.445894694 3691614.9034848725)
,POINT (8278358.220894692 3692170.878484871)
,POINT (8272207.320894693 3707714.4034848707)
,POINT (8273576.895894693 3709772.403484872)
,POINT (8272848.720894691 3707761.2034848705)
,POINT (8281058.895894694 3706310.6284848717)
,POINT (8274876.120894692 3709856.553484872)
,POINT (8261690.370894692 3689430.9784848713)
,POINT (8272510.995894693 3707804.778484872)
,POINT (8273489.970894692 3709680.528484872)
,POINT (8269263.945894692 3691308.6034848713)
,POINT (8261563.620894692 3689504.9284848715)
,POINT (8272867.545894692 3707741.103484872)
,POINT (8271017.820894694 3691859.553484872)
,POINT (8274601.920894693 3709756.5784848714)
,POINT (8281578.645894694 3706438.5034848717)
,POINT (8261582.820894695 3689527.278484872)
,POINT (8277221.670894692 3690307.353484872)
,POINT (8282081.520894692 3706419.828484872)
,POINT (8281369.620894693 3706381.728484872)
,POINT (8273138.070894692 3706497.228484872)
,POINT (8261590.395894693 3689539.203484872)
,POINT (8272286.220894692 3707853.5284848716)
,POINT (8277242.9708946925 3690023.403484872)
,POINT (8261671.620894692 3689516.328484872)
,POINT (8271007.320894693 3691703.403484871)
,POINT (8277429.045894693 3687899.4784848713)
,POINT (8280809.520894693 3707500.8784848712)
,POINT (8272307.370894692 3707863.203484872)
,POINT (8277439.470894691 3687841.953484871)
,POINT (8261622.270894692 3689522.2534848712)
,POINT (8272239.495894692 3707819.0284848716)
,POINT (8273494.770894692 3706323.228484871)
,POINT (8263200.945894692 3685844.0284848725)
,POINT (8282222.895894692 3706796.403484872)
,POINT (8274189.345894692 3706760.5534848706)
,POINT (8269966.095894692 3689596.6534848716)
,POINT (8273776.995894694 3706612.878484872)
,POINT (8277466.545894692 3687598.803484872)
,POINT (8272078.020894693 3707968.353484872)
,POINT (8281233.270894693 3707398.653484872)
,POINT (8269167.795894694 3692616.528484872)
,POINT (8263253.820894692 3685598.4784848723)
,POINT (8272769.070894693 3704287.0534848724)
,POINT (8277403.470894692 3688104.9784848713)
,POINT (8272356.645894692 3708058.578484871)
,POINT (8273086.770894693 3706590.9784848713)
,POINT (8270915.145894694 3689122.5034848717)
,POINT (8282487.195894692 3704336.703484872)
,POINT (8277396.420894692 3688130.253484872)
,POINT (8281157.970894691 3707816.9284848715)
,POINT (8263203.120894692 3684486.6034848713)
,POINT (8277410.445894692 3687927.603484872)
,POINT (8270082.420894692 3689781.4534848714)
,POINT (8274362.595894691 3706985.7034848724)
,POINT (8272073.895894693 3707943.6784848715)
,POINT (8282362.695894693 3704234.478484872)
,POINT (8282233.095894691 3705641.6284848717)
,POINT (8269963.545894692 3689646.828484872)
,POINT (8282268.645894692 3705732.1534848725)
,POINT (8270032.845894692 3689675.028484872)
,POINT (8262180.120894692 3686197.6534848707)
,POINT (8277690.195894693 3685850.178484872)
,POINT (8272739.820894692 3704311.3534848713)
,POINT (8263203.870894692 3684469.128484873)
,POINT (8273981.895894693 3706784.8534848713)
,POINT (8269217.595894691 3688010.9284848724)
,POINT (8269349.520894692 3688250.628484872)
,POINT (8274168.195894693 3706858.503484871)
,POINT (8282068.695894693 3705152.4034848716)
,POINT (8262146.520894692 3674090.853484872)
,POINT (8272725.120894692 3704298.678484872)
,POINT (8262195.270894692 3674112.303484872)
,POINT (8277366.345894691 3688243.353484872)
,POINT (8274643.8458946925 3707141.6284848717)
,POINT (8269187.895894693 3687975.378484872)
,POINT (8273075.295894693 3707186.1034848723)
,POINT (8277380.970894691 3688265.8534848713)
,POINT (8262014.370894692 3673868.2534848717)
,POINT (8262104.520894693 3674029.5784848714)
,POINT (8282262.345894692 3705777.3784848717)
,POINT (8278543.320894692 3686091.6034848704)
,POINT (8268550.245894692 3722203.0534848706)
,POINT (8274425.445894693 3707000.3284848714)
,POINT (8278369.245894692 3681189.6034848713)
,POINT (8272801.020894692 3704423.253484871)
,POINT (8277673.395894692 3686627.7784848725)
,POINT (8272392.720894691 3704430.078484872)
,POINT (8268673.320894693 3717907.953484872)
,POINT (8262236.745894692 3674260.953484872)
,POINT (8282249.220894691 3705733.653484872)
,POINT (8273056.920894693 3707696.6284848717)
,POINT (8262606.270894693 3671975.7784848716)
,POINT (8272766.595894691 3704520.753484872)
,POINT (8262264.795894693 3674666.4034848707)
,POINT (8268366.195894692 3722007.9784848704)
,POINT (8277685.620894693 3685884.3784848717)
,POINT (8272764.120894693 3704601.6034848713)
,POINT (8278277.520894694 3681225.0784848714)
,POINT (8282433.720894691 3697185.153484872)
,POINT (8274508.920894692 3707686.203484872)
,POINT (8272795.545894692 3704438.928484871)
,POINT (8268963.045894693 3718734.6784848724)
,POINT (8274254.970894692 3707565.0784848714)
,POINT (8281185.120894692 3706135.203484872)
,POINT (8281286.370894693 3700175.553484871)
,POINT (8268946.845894692 3718780.4284848715)
,POINT (8262798.645894693 3666289.5034848712)
,POINT (8274082.845894691 3707750.928484871)
,POINT (8262837.870894693 3666373.428484872)
,POINT (8272760.670894693 3704441.6284848726)
,POINT (8280753.345894692 3696935.703484873)
,POINT (8268969.795894693 3718640.478484871)
,POINT (8272725.720894693 3704731.8034848706)
,POINT (8272739.070894692 3704823.4534848714)
,POINT (8282222.9708946925 3694635.2284848723)
,POINT (8274678.345894692 3707705.028484872)
,POINT (8281542.195894693 3695524.3534848723)
,POINT (8272753.095894691 3704688.0784848714)
,POINT (8278243.545894692 3681366.828484872)
,POINT (8262722.595894691 3666166.8784848717)
,POINT (8274209.9708946925 3707748.303484872)
,POINT (8282474.895894694 3694630.353484872)
,POINT (8271023.820894694 3710678.7034848724)
,POINT (8270976.270894692 3710692.9534848714)
,POINT (8275917.120894693 3700103.028484872)
,POINT (8278268.520894693 3681265.3534848704)
,POINT (8267552.970894692 3686922.453484872)
,POINT (8278331.295894693 3681330.3034848715)
,POINT (8267450.895894692 3690455.6284848712)
,POINT (8269770.720894692 3713739.0784848714)
,POINT (8273746.170894692 3698095.428484871)
,POINT (8286263.070894692 3692914.5034848712)
,POINT (8278255.920894693 3681322.6534848716)
,POINT (8286075.870894692 3692974.128484872)
,POINT (8243930.145894692 3672766.1284848712)
,POINT (8270980.995894692 3708082.2034848714)
,POINT (8275659.570894692 3699865.8034848715)
,POINT (8275928.070894693 3699880.128484872)
,POINT (8279235.195894692 3678980.8534848713)
,POINT (8268216.570894693 3690509.6284848712)
,POINT (8273437.770894692 3698091.9784848723)
,POINT (8285264.370894693 3698183.1034848713)
,POINT (8270801.070894695 3709035.453484873)
,POINT (8265522.570894692 3712198.428484872)
,POINT (8244145.770894693 3672697.3534848713)
,POINT (8275187.745894692 3696744.0784848705)
,POINT (8270920.245894693 3710777.4034848725)
,POINT (8285935.620894694 3691119.9034848716)
,POINT (8274026.895894692 3698184.078484871)
,POINT (8276073.195894692 3700142.5534848715)
,POINT (8273710.770894692 3698172.303484872)
,POINT (8265530.520894692 3712160.103484872)
,POINT (8273449.995894693 3698103.6034848727)
,POINT (8280046.020894693 3675321.3784848717)
,POINT (8265542.145894692 3712128.9034848716)
,POINT (8275969.770894694 3700216.5034848712)
,POINT (8284564.095894691 3666333.078484872)
,POINT (8277331.920894692 3711128.028484872)
,POINT (8267093.295894692 3712858.728484872)
,POINT (8270073.195894692 3706322.328484871)
